Model,Predicted Temperature,MAE,MSE,RMSE,R^2 Score
linearRegression,20.033081231679553,0.4062223700324875,0.2626002235916693,0.5124453371742876,0.9928861891155089
randomForest,20.178524076553234,0.17396046540383567,0.048395778840345335,0.21999040624614824,0.9986889637275663
