Model,Predicted Temperature,MAE,MSE,RMSE,R^2 Score
linearRegression,20.025304942248557,0.39097983658211166,0.23829417989603185,0.48815384859287125,0.989786515108589
randomForest,20.34906857383066,0.4766103703337042,0.35182329871447204,0.5931469452964181,0.9849205635343908
